{"assets/fonts/CircularXX-Regular.otf":["assets/fonts/CircularXX-Regular.otf"],"assets/icons/gofundmeSvg.svg":["assets/icons/gofundmeSvg.svg"],"assets/icons/heart.jpeg":["assets/icons/heart.jpeg"],"assets/icons/menu_icon.jpeg":["assets/icons/menu_icon.jpeg"],"assets/icons/paypal.svg":["assets/icons/paypal.svg"],"assets/icons/paypal2.svg":["assets/icons/paypal2.svg"],"assets/icons/plane.svg":["assets/icons/plane.svg"],"assets/icons/power.svg":["assets/icons/power.svg"],"assets/icons/report.jpeg":["assets/icons/report.jpeg"],"assets/icons/search_icon.jpeg":["assets/icons/search_icon.jpeg"],"assets/icons/trust.svg":["assets/icons/trust.svg"],"assets/icons/upload_icon.jpeg":["assets/icons/upload_icon.jpeg"],"assets/images/dp.jpg":["assets/images/dp.jpg"],"assets/images/foot.jpeg":["assets/images/foot.jpeg"],"assets/images/guarantee.jpeg":["assets/images/guarantee.jpeg"],"assets/images/paypal.jpg":["assets/images/paypal.jpg"],"assets/images/persona.jpeg":["assets/images/persona.jpeg"],"assets/images/profile.jpeg":["assets/images/profile.jpeg"],"assets/images/report.jpeg":["assets/images/report.jpeg"],"packages/cupertino_icons/assets/CupertinoIcons.ttf":["packages/cupertino_icons/assets/CupertinoIcons.ttf"]}